Category,Error,PlainEnglishMeaning,HowToFix,CommonCauses,TodoChecklist
Syntax,Expected '{',The compiler expected the start of a code block but didn't find one.,Add the missing opening brace in the correct location.,Forgot to open a function body|Forgot to open an if statement|Forgot to open a class or struct|Accidentally deleted a brace|Brace mismatch earlier in the file,Look at the line above the error|Check matching braces|Use Xcode's brace matching|Auto-indent the file|Fix earlier syntax errors first
Syntax,Expected '}',A code block was never closed.,Add the missing closing brace.,Forgot to close a function|Forgot to close a loop|Forgot to close a class|Nested braces became unbalanced|Earlier syntax error confused the parser,Collapse code blocks|Match every opening brace|Use editor highlighting|Check recent edits|Fix parser errors from the top down
Syntax,Expected ')',A parenthesized expression or parameter list wasn't closed.,Insert the missing closing parenthesis.,Function call missing ')'|if/while condition incomplete|Math expression incomplete|Nested function call|Deleted parenthesis accidentally,Count parentheses|Use auto-formatting|Check the previous few lines|Look for nested calls|Fix the first parser error
Syntax,Expected '(',The compiler expected an opening parenthesis.,Add the missing opening parenthesis.,Function declaration typo|Function call typo|if statement malformed|while statement malformed|for loop malformed,Compare with Swift syntax|Check keywords|Verify function declarations|Use code completion|Inspect the previous token
Syntax,Expected ']',"An array, dictionary, or subscript wasn't closed.",Add the missing closing bracket.,Array literal incomplete|Dictionary literal incomplete|Subscript typo|Nested collection|Bracket accidentally removed,Match brackets|Check collection literals|Auto-indent|Fix earlier syntax issues|Review recent edits
Syntax,Expected ':',A colon is required in that language construct.,Insert the missing colon.,Dictionary literal|Type annotation|Switch case|Ternary operator typo|Parameter declaration,Check Swift syntax|Inspect the surrounding declaration|Use autocomplete|Compare with documentation|Fix the earliest parser error
Syntax,"Expected ','",Two values or parameters weren't separated correctly.,Insert a comma between the items.,Function parameters|Array elements|Dictionary entries|Tuple values|Generic parameters,Count list items|Compare with similar code|Use formatter|Inspect previous value|Fix syntax from the top
Syntax,Expected expression,The compiler expected a value or expression but found something invalid.,Provide a valid expression.,Missing return value|Half-written statement|Operator without operand|Deleted code|Parser confusion,Read the previous line|Complete the statement|Look for missing operators|Check parentheses|Fix earlier syntax errors
Syntax,Expected declaration,"The compiler expected a declaration like a class, struct, variable, or function.",Write a valid declaration or remove stray code.,Random statement at file scope|Malformed function|Missing keyword|Parser confusion|Merge conflict,Check surrounding code|Look for missing braces|Ensure declarations are complete|Resolve merge markers|Fix earlier errors
Syntax,Unexpected token,The compiler encountered text that doesn't belong there.,Remove or correct the unexpected text.,Typo|Copied code incorrectly|Missing separator|Wrong language syntax|Parser already out of sync,Look immediately before the error|Check delimiters|Compare with valid syntax|Remove stray characters|Fix the first reported syntax error
Syntax,Unterminated string literal,A string started with a quotation mark but never ended.,Add the missing quotation mark or escape embedded quotes.,Forgot closing quote|Embedded quote not escaped|Multiline string mistake|Merge conflict|Deleted quote,Find the opening quote|Check escaping|Inspect multiline strings|Look for accidental line breaks|Use syntax highlighting
Syntax,Invalid escape sequence,A backslash escape inside a string isn't valid.,Use a supported escape sequence.,Typo after '\\'|Copied another language's escape|Missing extra backslash|Bad Unicode escape|Incorrect regex escaping,Review escape sequences|Escape backslashes correctly|Check Unicode syntax|Read compiler highlight|Test with a simple string
Variables,Use of unresolved identifier,You're referring to something that doesn't exist or isn't visible here.,"Declare it, import the correct module, or fix the spelling.",Typo|Variable out of scope|Missing import|Deleted declaration|Wrong capitalization,Check spelling|Use autocomplete|Verify scope|Import required frameworks|Search for the declaration
Variables,Cannot find 'X' in scope,The name exists nowhere the compiler can currently access.,Declare it or move it into scope.,Typo|Scope issue|Conditional compilation|Missing import|Deleted symbol,Check spelling exactly|Inspect scope|Verify imports|Search project|Check build configuration
Variables,Invalid redeclaration,Something with the same name already exists in the same scope.,Rename or remove one declaration.,Duplicate variable|Duplicate function|Copy-paste|Merge conflict|Generated code duplicated,Search for duplicates|Rename symbol|Remove old code|Resolve merge conflicts|Clean build
Variables,Immutable value may only be initialized once,A constant declared with let cannot be changed.,Use var if the value should change.,Using let instead of var|Accidental reassignment|Refactoring oversight|Loop modification|Property declared immutable,Decide if it should be mutable|Replace let with var if appropriate|Remove reassignment|Review API expectations|Rebuild
Variables,Variable used before being initialized,A variable may not have a value before it's read.,Initialize it before use.,Conditional initialization|Forgot assignment|Complex control flow|Early return|Property not initialized,Trace every execution path|Assign a default value|Use guard statements|Simplify logic|Check compiler notes
Types,Cannot convert value of type 'String' to expected type 'Int',A value has the wrong type.,Convert the value or change the expected type.,Wrong literal|Wrong function return type|API change|Incorrect variable type|Generic inference,Read the expected type|Use Int() if appropriate|Check function signatures|Verify variable declarations|Inspect generic types
Types,Cannot assign value of type 'X' to type 'Y',The value and destination have incompatible types.,Convert one type or change the declaration.,Wrong property type|Function returned unexpected type|Literal mismatch|Incorrect generic|API update,Compare both types|Inspect declarations|Add conversion if valid|Check generics|Read related compiler notes
Types,Binary operator cannot be applied,The operator doesn't work with the types you supplied.,Use compatible types or convert them.,String plus Int|Custom type missing operator|Optional operands|Wrong generic type|API misuse,Inspect both operand types|Convert values|Unwrap optionals|Implement operator if needed|Read operator documentation
Types,Type of expression is ambiguous without more context,Swift can't determine the correct type.,Provide more type information.,Complex chained expressions|Generic inference failed|Overloaded functions|Closure ambiguity|Missing annotation,Split the expression|Add explicit types|Simplify generics|Specify closure types|Build again
Types,Generic parameter could not be inferred,Swift doesn't know what generic type to use.,Specify the generic type explicitly or provide more context.,Empty collections|Overloaded APIs|Complex closures|Missing annotations|Incorrect generic constraints,Add explicit type annotation|Specify generic argument|Simplify the call|Inspect API docs|Reduce expression complexity
Functions,Missing return in a function expected to return 'X',A function promises to return a value but doesn't on every path.,Return the required value on all execution paths.,Forgot return|Missing else branch|Early exit|Incomplete implementation|Logic oversight,Check every branch|Add return statements|Use compiler fix-it|Simplify logic|Write tests
Functions,Missing argument for parameter,A required function parameter wasn't supplied.,Pass all required arguments.,Forgot parameter|API changed|Wrong overload|Incorrect autocomplete|Misread documentation,Read the function signature|Supply missing arguments|Check labels|Use autocomplete|Verify overload
Functions,Extra argument in call,You passed more arguments than the function accepts.,Remove the extra argument or call a different overload.,API changed|Wrong overload|Typo|Copied old example|Incorrect labels,Inspect the function definition|Check API version|Use autocomplete|Remove extras|Verify overload selection
Functions,Incorrect argument label in call,Swift uses named parameters and one or more labels don't match.,Use the labels defined by the function.,Typo|API update|Wrong overload|Copied outdated code|Autocomplete mistake,Check the declaration|Use autocomplete|Read Quick Help|Update labels|Recompile
Functions,Cannot call value of non-function type,You're trying to use parentheses on something that isn't callable.,Call a function instead or remove the parentheses.,Variable named like a function|Accidental overwrite|Property mistaken for method|Type confusion|API misuse,Inspect the symbol's type|Rename conflicting variables|Check autocomplete|Read declaration|Correct the call
Optionals,Value of optional type must be unwrapped,"The value might be nil, so Swift requires you to handle that possibility.","Use optional binding, optional chaining, nil-coalescing, or force unwrap if you're certain it's non-nil.",Forgot if let|Forgot guard let|Optional return type|Dictionary lookup|IBOutlet,Determine whether nil is possible|Use if let or guard let|Use ?? if appropriate|Avoid force unwraps unless certain|Trace where the optional comes from
Optionals,Unexpectedly found nil while unwrapping an Optional value,Your app crashed because a force unwrap (!) encountered nil.,Remove the force unwrap or ensure the value is initialized.,IBOutlet disconnected|Dictionary lookup failed|Object not initialized|Weak reference became nil|API returned nil,Find the force unwrap|Replace with safe unwrapping|Check initialization|Inspect Interface Builder connections|Test edge casesClasses & Structs
Classes & Structs,Return from initializer without initializing all stored properties,An initializer finished before every stored property had a value.,Initialize every stored property before returning.,Forgot one property|Early return|Conditional initialization|Refactoring|Superclass init confusion,List every stored property|Assign values before return|Check all branches|Use compiler fix-its|Recompile
Classes & Structs,'self' used before all stored properties are initialized,You're trying to use the object before it's fully created.,Initialize all stored properties before using self.,Calling a method in init|Accessing a property too early|Passing self to another object|Observer registration|Closure captures self,Move code after initialization|Initialize all properties first|Avoid using self early|Simplify init|Retest
Classes & Structs,Must call a designated initializer of the superclass,A subclass initializer didn't initialize its superclass.,Call super.init(...) at the appropriate point.,Forgot super.init|Wrong initializer|Superclass changed|Incorrect initializer chain|Refactoring,Read superclass initializers|Call the correct super.init|Initialize subclass properties first if required|Rebuild|Test construction
Classes & Structs,Property 'self.X' not initialized at super.init call,A required property wasn't initialized before calling the superclass initializer.,Initialize required properties before super.init when Swift requires it.,Initialization order mistake|Added new property|Refactoring|Conditional initialization|Superclass requirements,Check initialization order|Assign every required property|Consult compiler notes|Rebuild|Test all initializers
Inheritance,Method does not override any method from its superclass,"You marked a method as override, but no matching superclass method exists.",Fix the method signature or remove override.,Parameter mismatch|Return type mismatch|Superclass API changed|Typo|Wrong superclass,Compare signatures exactly|Check parameter labels|Verify superclass|Use autocomplete|Remove override if unnecessary
Inheritance,Overriding non-open instance method outside of its defining module,The method isn't allowed to be overridden from another module.,Override only open methods or change the API.,Method is public not open|Framework restriction|Wrong design|API misunderstanding|Cross-module inheritance,Check access level|Read framework docs|Avoid overriding|Wrap instead|Rebuild
Inheritance,Instance method overrides a 'final' instance method,A final method cannot be overridden.,Remove the override or redesign the class hierarchy.,Superclass marked final|API change|Wrong superclass|Copy-paste|Refactoring,Inspect superclass|Remove override|Use composition instead|Review API|Compile again
Inheritance,Cannot inherit from non-open class outside of its defining module,The class isn't designed to be subclassed outside its module.,Don't subclass it or use another extension point.,Framework restriction|Public vs open confusion|API misunderstanding|Wrong base class|Library update,Check documentation|Use composition|Find an open superclass|Redesign|Retest
Protocols,Type 'X' does not conform to protocol 'Y',Your type is missing required methods or properties.,Implement all protocol requirements with matching signatures.,Forgot a method|Signature mismatch|Property missing|Access level mismatch|Associated type issue,Read protocol definition|Implement missing requirements|Match labels and types exactly|Check access levels|Rebuild
Protocols,Candidate has non-matching type,"A method exists, but its signature doesn't match the required one.",Change the signature to exactly match the requirement.,Wrong parameter labels|Wrong return type|Wrong optionality|Generic mismatch|Typo,Compare declarations side-by-side|Fix labels|Fix types|Remove extra parameters|Compile again
Protocols,Protocol can only be used as a generic constraint,The protocol has associated types or Self requirements.,Use generics or the 'any' keyword when appropriate.,Associated types|Self requirements|Modern Swift existential rules|Old sample code|Protocol design,Check whether 'any' works|Use generics|Read protocol definition|Refactor API|Retest
Protocols,Property does not satisfy protocol requirement,The property's type or mutability doesn't match the protocol.,Match the required type and getter/setter requirements.,Wrong type|Missing setter|Computed vs stored mismatch|Optional mismatch|Access level,Compare property declarations|Fix mutability|Fix type|Check access|Rebuild
Enums & Switch,Switch must be exhaustive,Your switch doesn't handle every possible case.,Add the missing cases or a default case.,New enum case|Forgot one case|Non-frozen enum|Refactoring|API update,List all enum cases|Add missing cases|Consider @unknown default|Retest|Review future compatibility
Enums & Switch,Default will never be executed,Earlier cases already cover every possibility.,Remove or simplify the default branch.,Redundant default|Duplicate patterns|Broad pattern first|Logic mistake|Compiler optimization,Review case order|Remove unreachable branches|Simplify patterns|Compile again|Test behavior
Enums & Switch,Case is already handled by previous patterns,A switch case can never match because an earlier one already does.,Remove or reorder the duplicate pattern.,Duplicate case|Broad wildcard|Pattern overlap|Copy-paste|Logic error,Inspect earlier cases|Remove duplicates|Reorder patterns|Retest|Check logic
Enums,Enum case cannot be used as an instance member,You're trying to access an enum case incorrectly.,Reference the enum case properly.,Forgot enum name|Static vs instance confusion|Dot syntax misuse|Scope issue|Typo,Check how enum cases are referenced|Use .case when allowed|Use Enum.case if needed|Review examples|Compile
Closures,"Contextual closure type expects X arguments, but Y were used",Your closure's parameter list doesn't match what's expected.,Match the expected number of parameters.,Wrong API|Copied example|Forgot shorthand arguments|Overload confusion|Autocomplete,Inspect the API|Check closure signature|Use autocomplete|Simplify expression|Retest
Closures,Cannot convert return expression of type X to closure result type Y,The closure returns the wrong type.,Return the expected type.,Wrong expression|Missing conversion|Incorrect generic inference|API misunderstanding|Copy-paste,Check expected return type|Add conversion|Simplify closure|Add explicit types|Compile
Closures,Escaping closure captures mutating 'self' parameter,A mutating value type can't be captured that way.,Redesign the closure or capture differently.,Mutating struct|Async closure|Escaping closure|Value semantics|API design,Understand capture rules|Avoid escaping capture|Refactor logic|Consider class vs struct|Retest
Collections,Index out of range,Your code accessed an array index that doesn't exist.,Check the index before accessing the array.,Loop bug|Empty array|Off-by-one error|Incorrect calculation|Removed elements,Print array.count|Validate indices|Use indices collection|Check loop bounds|Test empty arrays
Collections,Fatal error: Can't remove from an empty collection,You tried to remove an item from an empty collection.,Check that the collection isn't empty first.,Logic bug|Unexpected empty array|Race condition|Already removed|Initialization issue,Check isEmpty|Trace mutations|Add guards|Write edge-case tests|Debug collection state
Collections,Dictionary literal contains duplicate keys,The same key appears more than once in a dictionary literal.,Remove or change duplicate keys.,Copy-paste|Merge conflict|Generated code|Typo|Configuration duplication,Search for duplicate keys|Decide correct value|Remove extras|Retest|Review data source
Collections,Cannot assign through subscript: subscript is get-only,The collection or object doesn't allow modification.,Use a mutable collection or supported API.,Constant collection|Read-only property|Framework API|Wrong type|Immutable wrapper,Check whether it's let or var|Read API docs|Copy to mutable collection|Modify supported object|Compile again
Functions,"Function declares an opaque return type, but has no return statements",A function returning 'some Type' must always return a concrete type.,Return a valid value of one concrete type.,Incomplete implementation|Conditional returns|Placeholder code|Refactoring|SwiftUI View body issue,Ensure every path returns|Return the same concrete type|Simplify branches|Use AnyView only if appropriate|Retest
Functions,Result of call to X is unused,You called a function whose result is ignored.,Use the returned value or explicitly ignore it if intentional.,Forgot assignment|Forgot await|Forgot chaining|Incorrect API use|Debug code,Read function documentation|Store the result|Assign to _ if intentional|Review logic|Compile
Functions,Expression is unused,A line computes a value but does nothing with it.,"Use, assign, or remove the expression.",Leftover debug code|Forgot return|Forgot assignment|Incomplete refactor|Typo,Check whether you meant return|Assign result|Delete dead code|Review intent|Compile
Optionals,Initializer for conditional binding must have Optional type,You used if let or guard let on something that isn't optional.,Remove optional binding or make the value optional.,API changed|Wrong variable|Type confusion|Refactoring|Autocomplete,Inspect the variable type|Remove if let if unnecessary|Check API docs|Simplify code|Retest
Optionals,Cannot force unwrap value of non-optional type,You used ! on a value that isn't optional.,Remove the force unwrap.,Habit|Refactoring|API changed|Type inference|Copy-paste,Check the variable type|Delete !|Compile|Review API|Retest
Memory,EXC_BAD_ACCESS,Your program accessed memory that is no longer valid.,Find the invalid reference or memory misuse.,Dangling pointer|Unsafe code|Over-released object|C interop bug|Race condition,Enable Address Sanitizer|Inspect crash location|Check unsafe pointers|Review threading|Simplify reproduction
Memory,A strong reference cycle caused a memory leak,Objects keep each other alive forever.,Break the cycle with weak or unowned references where appropriate.,Closures capturing self|Delegate not weak|Parent-child cycle|Notification observer|Retained timer,Use Xcode Memory Graph|Inspect ownership|Add weak captures|Invalidate timers|Retest
Warnings,Initialization of immutable value was never used,A constant is created but never read.,Remove it or use it.,Leftover debug variable|Incomplete code|Refactoring|Copy-paste|Unused calculation,Search for references|Delete if unnecessary|Finish implementation|Enable warnings as errors|Clean build
Warnings,Variable was never mutated; consider changing to 'let',A variable never changes after being assigned.,Use let to make the intent clear.,Temporary implementation|Forgot optimization|Copy-paste|Refactoring|Style issue,Verify it never changes|Replace var with let|Run tests|Check compiler suggestions|Commit cleanup
Warnings,Will never be executed,The compiler proved that code cannot run.,Remove or rewrite the unreachable code.,Return before code|Always-false condition|Infinite loop|Throw before statement|Logic error,Inspect control flow|Delete unreachable code|Fix conditions|Simplify function|RetestCategory
Generics,Generic parameter 'T' could not be inferred,Swift couldn't determine what generic type to use.,Provide more type information or specify the generic type explicitly.,Empty collection literal|Overloaded API|Complex expression|Missing type annotation|Incorrect generic constraints,Inspect the expected type|Add an explicit type annotation|Break the expression into smaller parts|Read the function signature|Rebuild
Generics,Cannot specialize non-generic type,You tried to supply generic parameters to something that isn't generic.,Remove the generic arguments or use the correct generic type.,Wrong type name|Typo|Old documentation|API changed|Copy-paste,Verify the declaration|Remove <...> if unnecessary|Read the API docs|Use autocomplete|Compile again
Generics,Type 'X' does not conform to protocol 'Y',The generic type doesn't satisfy the required constraints.,Use a conforming type or add the required protocol conformance.,Wrong generic type|Missing protocol conformance|Constraint too strict|Incorrect inheritance|API mismatch,Read the generic constraints|Inspect the type|Add conformance if appropriate|Choose another type|Retest
Generics,Same-type requirement makes generic parameter non-generic,Your constraints effectively remove the benefit of generics.,Simplify the declaration or use a concrete type.,Overly restrictive where clause|Refactoring|Copied example|API misunderstanding|Redundant constraint,Review generic constraints|Remove unnecessary requirements|Simplify the API|Compile|Review intent
Generics,Reference to generic type requires arguments,The generic type needs one or more type parameters.,Provide the required generic arguments.,Forgot generic type|API update|Autocomplete omission|Typealias confusion|Refactoring,Inspect the declaration|Add the missing types|Use autocomplete|Read documentation|Compile
Error Handling,Errors thrown from here are not handled,A throwing function was called without handling its errors.,"Use try, try?, try!, or do-catch.",Forgot try|Refactoring|API changed|Autocomplete|Incomplete implementation,Locate the throwing call|Choose an error-handling strategy|Add do-catch if appropriate|Test failure paths|Compile
Error Handling,Call can throw but is not marked with 'try',Swift requires explicit acknowledgement of throwing calls.,Prefix the call with try.,Forgot try|API now throws|Wrong overload|Copied example|Refactoring,Read the function signature|Add try|Handle errors|Retest|Review compiler notes
Error Handling,No calls to throwing functions occur within 'try' expression,You wrote try where nothing can throw.,Remove the unnecessary try.,API changed|Wrong overload|Autocomplete|Refactoring|Old code,Verify whether the function throws|Remove try|Compile|Review API|Run tests
Error Handling,Thrown expression type does not conform to Error,Only Error-conforming values can be thrown.,Throw an Error type.,Throwing String|Throwing Int|Custom type missing Error conformance|Typo|Placeholder code,Create an Error enum|Conform custom type to Error|Replace placeholder|Compile|Test
Error Handling,'catch' block is unreachable,Nothing inside the do block can throw.,Remove the catch block or call a throwing function.,API changed|Removed throwing call|Wrong overload|Refactoring|Dead code,Check the do block|Remove unnecessary catch|Review APIs|Compile|Clean up
Concurrency,Expression is 'async' but is not marked with 'await',An asynchronous call wasn't awaited.,Prefix the call with await.,Forgot await|API became async|Refactoring|Autocomplete|Wrong overload,Inspect the function signature|Add await|Propagate async if needed|Compile|Test async behavior
Concurrency,'await' in a function that does not support concurrency,Only async functions can use await.,Mark the function async or restructure the code.,Forgot async|Moved code|Copied example|Refactoring|API misuse,Mark function async|Move await into async context|Use Task if appropriate|Compile|Retest
Concurrency,Call to main actor-isolated method in a synchronous context,You're accessing MainActor code from the wrong context.,Call it from the MainActor or use await.,UI update from background|Missing MainActor|Concurrency refactor|Task misuse|API isolation,Inspect actor annotations|Use await MainActor.run|Mark caller appropriately|Test threading|Compile
Concurrency,Actor-isolated property cannot be referenced from a nonisolated context,You're reading actor-protected state unsafely.,Access it through async actor isolation.,Actor misuse|Forgot await|Background access|Refactoring|Shared mutable state,Identify the actor|Await access|Redesign ownership|Compile|Test concurrency
Concurrency,Sending 'X' risks causing data races,Swift detected potentially unsafe shared data.,Avoid sharing mutable state or make it Sendable.,Mutable shared object|Non-Sendable type|Unsafe capture|Concurrent mutation|Legacy code,Inspect captured values|Adopt Sendable where appropriate|Avoid shared mutable state|Use actors|Run Thread Sanitizer
SwiftUI,Modifying state during view update,State changed while SwiftUI was rendering.,Move the state update outside body evaluation.,Mutating @State in body|Infinite update loop|onAppear misuse|Computed property side effect|Observer issue,Check body for mutations|Move work to callbacks|Use task/onAppear|Retest UI|Profile updates
SwiftUI,Publishing changes from background threads is not allowed,ObservableObject updated off the main thread.,Publish changes on the main actor.,Background network callback|Task misuse|Dispatch queue mistake|Missing MainActor|Concurrency bug,Dispatch to MainActor|Inspect publishers|Test threading|Review async code|Compile
SwiftUI,ForEach requires that data conform to Identifiable,SwiftUI can't uniquely identify your items.,Make items Identifiable or provide an id parameter.,Plain array|Missing id|Duplicate IDs|API misuse|Refactoring,Conform to Identifiable|Use id: \\.|Ensure IDs are unique|Retest lists|Review data model
SwiftUI,Duplicate ID in ForEach,Multiple items have the same identifier.,Ensure every displayed item has a unique ID.,Duplicate UUID|Repeated values|Wrong id property|Static IDs|Data bug,Print IDs|Find duplicates|Generate unique IDs|Retest scrolling|Review model
SwiftUI,Type '()' cannot conform to 'View',A ViewBuilder branch returned nothing.,Return a View from every branch.,Forgot return|Conditional branch|Debug print|Incomplete code|ViewBuilder misunderstanding,Check every branch|Return EmptyView if needed|Remove stray statements|Compile|Preview
Build,No such module 'X',The compiler can't find the imported framework.,"Install, link, or correctly reference the module.",Package missing|Wrong target|Dependency not added|Typo|Build settings,Check Package Dependencies|Verify target membership|Clean build|Restore packages|Rebuild
Build,Failed to emit module,Compilation failed before Swift could build the module.,Fix earlier compiler errors.,Earlier syntax errors|Type errors|Dependency issues|Corrupted build|Compiler bug,Fix the first compiler error|Clean build folder|Delete DerivedData if needed|Rebuild|Inspect logs
Build,Command CompileSwift failed with a nonzero exit code,Swift compilation failed.,Resolve the compiler errors reported above.,Syntax errors|Type errors|Build configuration|Dependency issue|Compiler crash,Scroll to the first error|Ignore cascading errors initially|Clean build|Rebuild|Check build settings
Build,Build input file cannot be found,A source file referenced by the project is missing.,Restore or remove the missing file reference.,Deleted file|Moved file|Merge conflict|Wrong path|Target issue,Locate the file|Fix project references|Remove stale references|Clean build|Commit changes
Build,Multiple commands produce,Two build steps generate the same output.,Remove the duplicate build phase or resource.,Duplicate file|Duplicate asset|Copy phase issue|Merge conflict|Package duplication,Inspect Build Phases|Remove duplicates|Check target membership|Clean build|Rebuild
Linker,Undefined symbols for architecture,The linker can't find the implementation of a referenced symbol.,Link the required library or implement the missing code.,Missing framework|Missing implementation|Wrong target|Objective-C bridging|Build configuration,Read missing symbol names|Check linked frameworks|Verify target membership|Clean build|Relink
Linker,Duplicate symbol,The same symbol was compiled more than once.,Remove the duplicate implementation.,Copied source file|Duplicate library|Generated code|Merge conflict|Build phase duplication,Search for duplicates|Check target membership|Remove duplicate source|Clean build|Relink
Linker,Library not found,The linker couldn't locate a required library.,Install or correctly reference the library.,Missing SDK|Broken search path|Dependency removed|Configuration issue|Package failure,Inspect Library Search Paths|Restore dependency|Update project settings|Clean build|Rebuild
Runtime,Fatal error,The program intentionally terminated because an unrecoverable condition occurred.,Read the accompanying message and fix the underlying issue.,Force unwrap|Precondition failure|Index out of range|Assertion|Custom fatalError,Read the full crash message|Inspect the stack trace|Find the triggering condition|Add validation|Retest
Runtime,Assertion failed,An assertion detected invalid program state.,Fix the violated assumption.,Invalid input|Logic bug|Debug assertion|State corruption|Precondition failure,Read assertion message|Inspect variables|Reproduce consistently|Fix logic|Run tests
Runtime,Stack overflow,Functions kept calling each other until the stack filled.,Stop infinite recursion.,Missing base case|Recursive cycle|Mutual recursion|Logic bug|Parser recursion,Trace recursive calls|Verify base cases|Limit recursion depth|Consider iteration|Retest
Runtime,Infinite loop,Code never reaches an exit condition.,Correct the loop condition or update loop variables.,Condition never changes|Missing increment|Logic bug|Always-true condition|State mutation bug,Add logging|Inspect loop variables|Verify exit condition|Use debugger|Test edge cases
Performance,String concatenation in a loop,Repeatedly using + on strings can be slow.,Use StringBuilder-style approaches or interpolation efficiently.,Large loops|Logging|Text generation|CSV building|Copy-paste,Profile the code|Use String.reserveCapacity if appropriate|Append instead of repeatedly creating new strings|Benchmark|Retest
Performance,Repeated sorting of the same collection,The same data is sorted multiple times unnecessarily.,Sort once and reuse the result.,Loop sorting|Computed property|Redundant code|UI refresh|Refactoring,Search for repeated sort() calls|Cache results|Measure performance|Simplify logic|Profile
Performance,Linear search where Set or Dictionary would be faster,Repeated contains() on large arrays can be inefficient.,Use Set or Dictionary for frequent lookups.,Large data|Loop contains()|Membership testing|Refactoring|Algorithm choice,Measure lookup frequency|Replace with Set if appropriate|Benchmark|Review algorithm complexity|Profile
Performance,Heavy work on the main thread,Expensive work blocks the UI.,Move work to a background task when appropriate.,Image processing|JSON parsing|Database queries|Large loops|Network misuse,Use Instruments|Identify slow operations|Move work off main thread|Return to MainActor for UI|Measure improvements
Performance,Large value copied repeatedly,Large structs or arrays are copied frequently.,Reduce unnecessary copies or redesign data flow.,Pass-by-value|Temporary arrays|Function chaining|Large structs|Copy-on-write misunderstanding,Profile allocations|Inspect copies|Use inout where appropriate|Simplify data flow|BenchmarkCategory
Optionals,Optional chain has no effect because value is non-optional,You're using ? on something that can't be nil.,Remove the unnecessary optional chaining.,API changed|Refactoring|Type inference|Copied code|Autocomplete,Inspect the variable type|Remove ?|Compile|Review API|Run tests
Optionals,Cannot use optional chaining on non-optional value,"The value is guaranteed to exist, so optional chaining isn't valid.",Access the property or method directly.,Incorrect assumption|API changed|Wrong variable|Refactoring|Copy-paste,Check the declaration|Remove ?|Verify type|Compile|Retest
Optionals,Nil coalescing operator '??' has incompatible types,The fallback value doesn't match the optional's type.,Provide a fallback value of the correct type.,Wrong literal|API mismatch|Refactoring|Generic inference|Copy-paste,Inspect both operand types|Convert if necessary|Use explicit typing|Compile|Test
Optionals,Value of optional type must be unwrapped to refer to member,You're trying to use a property or method on a value that could be nil.,Safely unwrap the optional or use optional chaining.,Optional return value|Dictionary lookup|Weak reference|IBOutlet|Forgot if let,Find where the optional comes from|Use if let or guard let|Consider ??|Avoid force unwraps|Retest
Functions,Cannot pass immutable value as inout argument,"The function wants permission to modify the value, but it can't.",Pass a mutable variable instead of a constant or temporary value.,Using let|Passing a literal|Computed property|Temporary expression|API misuse,Use var instead of let|Pass a stored variable|Read function signature|Compile|Test
Functions,Escaping closure captures non-escaping parameter,A closure that outlives the function captured something that won't.,Mark the parameter as @escaping if appropriate or redesign.,Missing @escaping|API change|Closure stored|Async code|Refactoring,Inspect parameter attributes|Add @escaping if correct|Review ownership|Compile|Test
Functions,Cannot convert throwing function to non-throwing function type,A throwing closure is being used where errors aren't allowed.,Handle the error or change the function type.,Forgot do-catch|API mismatch|Generic inference|Wrong overload|Refactoring,Inspect expected closure type|Handle errors internally|Choose correct overload|Compile|Retest
Functions,Anonymous closure argument not contained in a closure,"You used $0, $1, etc. outside of a closure.",Use shorthand arguments only inside closures.,Copied code|Syntax error|Refactoring|Autocomplete|Misplaced braces,Check brace placement|Replace with named parameter if needed|Compile|Retest|Review syntax
Properties,Cannot assign to property: 'self' is immutable,You're trying to change a value inside an immutable struct or context.,Make the method mutating or use a mutable instance.,Struct method missing mutating|Using let instance|SwiftUI View|Value semantics|Refactoring,Inspect mutability|Add mutating if appropriate|Use var instance|Review design|Compile
Properties,Cannot use mutating member on immutable value,A mutating method was called on something declared with let.,Declare it with var if mutation is intended.,let instead of var|Temporary value|Computed property|Constant binding|API misuse,Find declaration|Replace let with var if appropriate|Compile|Retest|Review ownership
Properties,Cannot assign to property: setter is inaccessible,The property's setter isn't visible from your code.,Use a writable API or change access control.,private(set)|Framework restriction|Wrong module|API misunderstanding|Access control,Read property declaration|Use provided methods|Adjust access if your code|Compile|Retest
Access Control,'X' is inaccessible due to 'private' protection level,The symbol exists but isn't visible from here.,Use a visible API or change the access level.,private declaration|Wrong file|Refactoring|Module boundary|API design,Inspect declaration|Adjust access if appropriate|Use public API|Compile|Review encapsulation
Access Control,'X' is inaccessible due to 'fileprivate' protection level,The symbol is only available within its file.,Move code or adjust access.,fileprivate restriction|Wrong file|Refactoring|Extension separation|API design,Check file boundaries|Adjust access|Move related code|Compile|Retest
Access Control,Method cannot be declared public because its parameter uses an internal type,A public API can't expose less-visible types.,Increase the visibility of the type or reduce the API visibility.,Access mismatch|Refactoring|Library design|Nested types|Copy-paste,Compare access levels|Adjust consistently|Review public API|Compile|Retest
Extensions,Extensions must not contain stored properties,Swift extensions can only add computed properties.,Move the stored property into the original type.,Language rule|Refactoring|Copied code|Objective-C assumption|Design issue,Find the extension|Move property|Use associated objects only if appropriate|Compile|Review design
Extensions,Declaration is only valid at file scope,The declaration appears somewhere it isn't allowed.,Move it to the correct scope.,Nested extension|Nested protocol|Nested import|Syntax error|Brace mismatch,Inspect surrounding braces|Move declaration|Fix parser errors|Compile|Auto-indent
Protocols,Protocol requirement cannot be satisfied by non-final class,The compiler can't guarantee the implementation meets the requirement.,Mark the class final or redesign the protocol.,Self requirements|Associated types|Inheritance|API design|Refactoring,Read protocol requirements|Consider final|Use generics|Compile|Retest
Protocols,Use of protocol 'X' as a type must be written 'any X',Modern Swift requires explicit existential syntax.,Prefix the protocol with any.,Swift language update|Old code|Migration|Documentation mismatch|Compiler version,Replace protocol type with any Protocol|Review migration guide|Compile|Run tests
Casting,Cast from 'X' to unrelated type 'Y' always fails,The conversion can never succeed.,Use the correct type or remove the cast.,Wrong API|Incorrect inheritance|Logic bug|Copy-paste|Refactoring,Inspect runtime types|Remove impossible cast|Choose correct type|Compile|Test
Casting,Conditional cast always succeeds,The cast is unnecessary because it's guaranteed.,Remove the redundant cast.,Redundant as?|Refactoring|API change|Type inference|Old code,Delete unnecessary cast|Compile|Clean warnings|Review code|Commit cleanup
Casting,Forced cast of 'X' to same type has no effect,The as! does nothing useful.,Remove the cast.,Copy-paste|Old code|Refactoring|Type inference|Autocomplete,Inspect types|Remove cast|Compile|Clean warnings|Review
Operators,Cannot convert value of type 'Bool' to expected condition type,A condition doesn't evaluate to a Boolean.,Produce a Bool expression.,Returned Int|Assignment instead of comparison|API mismatch|Typo|Refactoring,Inspect condition|Use == if intended|Check return types|Compile|Test
Operators,Cannot assign through '!': function call returns immutable value,You're trying to modify a temporary value.,Assign to a variable first.,Temporary expression|Computed property|API design|Value semantics|Copy-paste,Store the value|Modify the variable|Write back if needed|Compile|Retest
Strings,Invalid Unicode scalar,A Unicode escape sequence is malformed.,Correct the Unicode escape.,Typo|Bad escape|Copy-paste|Encoding issue|Generated code,Review Unicode syntax|Use valid scalar values|Compile|Retest|Check encoding
Strings,Cannot interpolate value of type into string,The value can't automatically become text.,Convert it to a printable representation.,Custom type|Missing CustomStringConvertible|API mismatch|Generic|Refactoring,Inspect the type|Use String(describing:)|Implement CustomStringConvertible if appropriate|Compile|Test
Foundation,JSONSerialization data is not valid JSON,The data doesn't follow JSON rules.,Generate or parse valid JSON.,Corrupt data|Wrong encoding|API bug|Server issue|Manual editing,Validate JSON|Log the payload|Use JSONDecoder if appropriate|Check server response|Retest
Foundation,The data couldn't be read because it isn't in the correct format,The file or data doesn't match the expected format.,Use the correct decoder or validate the data.,Wrong file|Encoding issue|Corrupt data|API mismatch|Version mismatch,Check file contents|Inspect encoding|Verify decoder|Handle errors|Test with known-good data
Xcode,Failed to build workspace,The overall project failed to compile.,Fix the underlying build errors.,Compiler errors|Dependency failure|Signing issue|Build settings|Corrupt cache,Read the first build error|Clean build folder|Resolve dependency issues|Retry|Inspect logs
Xcode,Signing for target requires a development team,Xcode doesn't know which Apple Developer team to use.,Select the appropriate signing team.,New machine|Missing account|Project settings|Automatic signing off|Team removed,Open Signing & Capabilities|Select team|Enable automatic signing if appropriate|Rebuild|Verify certificates
Xcode,Provisioning profile doesn't match bundle identifier,The provisioning profile isn't valid for this app ID.,Use a matching provisioning profile.,Changed bundle ID|Wrong profile|Expired profile|Team mismatch|Manual signing,Check bundle identifier|Download correct profile|Refresh signing assets|Rebuild|Test on device
Debugging,Thread 1: breakpoint,Execution paused because of a breakpoint or trap.,Continue execution or investigate why it stopped.,Intentional breakpoint|Exception breakpoint|Debugger trap|fatalError|Assertion,Check call stack|Determine if breakpoint is expected|Inspect variables|Continue or fix issue|Retest
Debugging,Thread Sanitizer: data race detected,Two threads accessed shared data unsafely.,Synchronize access or redesign ownership.,Missing actor|Missing lock|Shared mutable state|Concurrent mutation|Legacy code,Read sanitizer report|Protect shared state|Use actors or locks|Retest|Run sanitizer again
Performance,Computed property performs expensive work,Every property access repeats slow calculations.,Cache results or convert to a method if appropriate.,Large loops|Sorting|Filtering|Database access|Network access,Profile property usage|Cache expensive work|Avoid repeated access|Benchmark|Review API design
Performance,Creating DateFormatter repeatedly,DateFormatter creation is relatively expensive.,Reuse formatter instances.,Inside loops|Table views|Computed property|Frequent formatting|Copy-paste,Search for repeated initialization|Create shared formatter|Measure improvement|Benchmark|Retest
Performance,Creating NumberFormatter repeatedly,Repeated formatter allocation hurts performance.,Reuse NumberFormatter objects.,Formatting in loops|UI refresh|Refactoring|Logging|Copy-paste,Cache formatter|Measure allocations|Benchmark|Review hot paths|Retest
Performance,Excessive view recomputation,Views are being rebuilt more often than necessary.,Reduce unnecessary state changes and expensive body work.,Large SwiftUI body|Too much @State|Computed properties|ObservableObject changes|Identity issues,Use Instruments|Extract subviews|Reduce state changes|Memoize expensive calculations|ProfileCategory
Runtime,Unexpectedly found nil while implicitly unwrapping an Optional value,An implicitly unwrapped optional (Type!) was nil when it was used.,Initialize it before use or make it a regular optional and unwrap safely.,Disconnected IBOutlet|Forgot initialization|Object lifecycle issue|Weak reference became nil|API returned nil,Inspect the crash location|Check initialization order|Verify IBOutlet connections|Replace ! with safer handling|Retest
Runtime,Could not cast value of type 'X' to 'Y',A forced cast (as!) failed at runtime.,Use a conditional cast (as?) or ensure the object really is the expected type.,Wrong object type|Storyboard mismatch|API returned different type|Inheritance misunderstanding|Refactoring,Replace as! with as? where appropriate|Print the runtime type|Verify data source|Check storyboard classes|Retest
Runtime,Terminating app due to uncaught exception,An Objective-C exception wasn't handled and the app terminated.,Fix the underlying Objective-C or framework error.,UIKit misuse|KVC error|Selector error|Storyboard issue|Foundation exception,Read the exception reason|Inspect the stack trace|Fix the root cause|Retest|Enable exception breakpoints
Runtime,Simultaneous accesses to memory,Two accesses violated Swift's memory exclusivity rules.,Avoid overlapping read/write access to the same value.,Nested inout|Mutating during iteration|Unsafe pointer use|Aliasing|Compiler optimization,Inspect inout usage|Split operations|Copy values if needed|Compile with exclusivity checks|Retest
Runtime,Precondition failed,A precondition() check detected invalid program state.,Fix the condition or validate inputs.,Invalid arguments|Corrupt state|Logic bug|Configuration error|Unexpected input,Read the precondition message|Inspect inputs|Validate assumptions|Add tests|Retest
Runtime,Index is out of bounds,A collection index is outside the valid range.,Validate the index before accessing the collection.,Off-by-one error|Empty collection|Incorrect calculation|Race condition|Data mutation,Print collection.count|Check loop bounds|Guard against empty collections|Use indices|Retest
Runtime,Collection was mutated while being enumerated,The collection changed during iteration.,Avoid modifying a collection while iterating over it.,Removing inside loop|Appending inside loop|Concurrent modification|Observer callback|Logic bug,Copy the collection if needed|Collect changes first|Apply mutations afterward|Retest|Review loop logic
ARC,Instance will be immediately deallocated because property is weak,A weak reference doesn't keep the object alive.,Use a strong reference if ownership is intended.,Only weak references exist|Temporary object|Delegate confusion|Lifecycle issue|Refactoring,Inspect ownership|Determine correct reference type|Use strong where appropriate|Retest|Check Memory Graph
ARC,Reference cycle detected,Objects strongly reference each other and cannot be deallocated.,Break the cycle using weak or unowned references where appropriate.,Closure captures self|Parent-child references|Delegates|Timers|Notification observers,Use Xcode Memory Graph|Inspect closure captures|Make delegate weak|Invalidate timers|Retest
ARC,Capture of 'self' in escaping closure,The closure may keep the object alive longer than expected.,Use [weak self] or [unowned self] if appropriate.,Async callbacks|Completion handlers|Timers|Animations|Notification handlers,Inspect closure lifetime|Choose weak or unowned appropriately|Retest deallocation|Profile memory|Review ownership
Objective-C,Use of unresolved selector,A selector name doesn't match any Objective-C method.,Verify the selector or use #selector.,Typo|Renamed method|Missing @objc|Wrong signature|Copy-paste,Check method name|Use #selector|Add @objc if required|Compile|Retest
Objective-C,Unrecognized selector sent to instance,An Objective-C object received a method it doesn't implement.,Call the correct method or fix the object's type.,Wrong class|Incorrect IBOutlet|Selector typo|KVC issue|Runtime cast failure,Read exception message|Verify runtime type|Check storyboard connections|Retest|Enable exception breakpoints
Objective-C,Only classes that inherit from NSObject can be exposed to Objective-C,The type isn't compatible with Objective-C.,Inherit from NSObject if Objective-C interoperability is required.,Pure Swift type|Missing NSObject|Framework requirement|Refactoring|API design,Check interoperability requirements|Inherit NSObject if appropriate|Compile|Retest|Review API
Networking,The Internet connection appears to be offline,The network request couldn't reach the internet.,Check connectivity and handle offline scenarios.,No connection|Airplane mode|Firewall|Server unreachable|Simulator networking,Verify network access|Retry gracefully|Test on another network|Handle offline mode|Log errors
Networking,The request timed out,The server took too long to respond.,Increase timeout if appropriate or retry.,Slow server|Poor connection|Large download|Server overload|Network interruption,Measure request time|Retry with backoff|Check server logs|Optimize request|Handle timeout gracefully
Networking,Cannot parse server response,The received data isn't in the expected format.,Inspect the response and update parsing logic.,API changed|Invalid JSON|Wrong endpoint|Server error page|Encoding issue,Log raw response|Validate Content-Type|Check API docs|Update models|Retest
Networking,The operation couldn't be completed,A generic Foundation error occurred.,Inspect the underlying NSError for details.,Wrapped error|Framework error|Network issue|Filesystem issue|Unknown failure,Print localizedDescription|Inspect error code|Inspect underlying error|Reproduce|Handle gracefully
Codable,The data couldn't be decoded because it is missing a required key,JSON is missing a property your model expects.,Make the property optional or fix the incoming JSON.,Server change|Incorrect CodingKeys|Wrong endpoint|Model mismatch|Version difference,Read decoding error|Compare JSON to model|Make fields optional if appropriate|Update CodingKeys|Retest
Codable,Expected to decode Int but found String instead,JSON contains a different type than your model expects.,Correct the model or transform the data.,API change|Incorrect model|Server bug|Manual JSON|Version mismatch,Inspect JSON|Update model|Use custom decoding if needed|Coordinate with API|Retest
Codable,Expected to decode Array but found Dictionary instead,Your model expects a list but received an object.,Adjust the model to match the actual JSON.,Wrong endpoint|API change|Incorrect assumption|Version mismatch|Documentation outdated,Log response|Compare with API docs|Update model|Retest|Add tests
Swift Package Manager,Package resolution failed,Swift Package Manager couldn't resolve dependencies.,Fix dependency versions or network issues.,Conflicting versions|Offline|Invalid Package.swift|Repository unavailable|Cache issue,Resolve version conflicts|Update packages|Clear package cache|Retry|Inspect package logs
Swift Package Manager,Dependency graph is inconsistent,Dependencies require incompatible versions.,Update or align dependency versions.,Version conflict|Package update|Transitive dependency|Manual edits|Package bug,Review dependency tree|Update constraints|Use compatible versions|Resolve conflicts|Rebuild
Swift Package Manager,Repository could not be cloned,SwiftPM couldn't download a package.,Check repository access and network connectivity.,Offline|Private repository|Invalid URL|Git issue|Authentication failure,Verify repository URL|Check credentials|Retry|Clone manually if needed|Review logs
Compiler,Expression was too complex to be solved in reasonable time,The type checker gave up because the expression is too complicated.,Break the expression into smaller pieces.,Long method chain|Nested generics|Complex SwiftUI body|Many overloaded operators|Large closure,Split into intermediate variables|Add explicit types|Simplify logic|Compile incrementally|Profile build time
Compiler,Unable to type-check this expression in reasonable time,The compiler can't efficiently determine the types.,Simplify the expression.,Large ViewBuilder|Deep generic nesting|Long chains|Heavy operator overloading|Complex closure,Break expressions apart|Add type annotations|Extract helper methods|Compile frequently|Measure improvements
Compiler,Reference to member is ambiguous,Multiple matching members exist.,Specify the type or choose the intended overload.,Overloaded methods|Multiple imports|Generic inference|Extension conflict|API update,Inspect available overloads|Add explicit type|Qualify with type name|Compile|Retest
Code Smell,Massive View Controller,One view controller handles too many responsibilities.,Split responsibilities into smaller components.,Growing feature set|No architecture|Quick fixes|Copy-paste|Lack of refactoring,Measure class size|Extract managers|Adopt MVVM/MVP/etc.|Add tests|Refactor gradually
Code Smell,God Object,A single object knows or does too much.,Split responsibilities across focused types.,Poor architecture|Feature creep|No abstraction|Global state|Rapid prototyping,Identify responsibilities|Extract services|Reduce dependencies|Write tests|Refactor incrementally
Code Smell,Long Method,A function has become difficult to understand or maintain.,Extract smaller helper methods.,Feature creep|Repeated additions|No refactoring|Copy-paste|Mixed responsibilities,Identify logical sections|Extract methods|Improve naming|Reduce nesting|Test after refactoring
Code Smell,Deeply Nested Conditionals,Many nested if/else blocks reduce readability.,"Use early returns, guard, or helper methods.",Growing business logic|Missing abstraction|Legacy code|Quick fixes|Copy-paste,Use guard statements|Extract predicates|Reduce nesting depth|Write tests|Review readability
Code Smell,Magic Numbers,Literal values appear without explanation.,Replace them with named constants.,Quick prototype|Forgot constants|Copied code|Hardcoded values|No configuration,Search for literals|Create constants|Group related values|Document meaning|Retest
Code Smell,Duplicate Code,The same logic exists in multiple places.,Extract shared functionality.,Copy-paste|Missed abstraction|Time pressure|Legacy code|Branch divergence,Search for duplicates|Extract helper|Reuse utilities|Write tests|Remove copies
Code Smell,Global Mutable State,Global variables can be changed from anywhere.,Limit scope and encapsulate shared state.,Singleton overuse|Legacy architecture|Convenience|Prototype|Shared configuration,Identify globals|Encapsulate state|Inject dependencies|Test isolation|Refactor gradually
Code Smell,Overuse of Force Unwrapping,Frequent use of ! increases crash risk.,Use safer optional handling.,Convenience|Prototype|Lack of optional handling|API misunderstanding|Legacy code,Search for !|Replace with if let/guard|Use ?? where appropriate|Review APIs|Test edge cases
Code Smell,Overuse of Force Casting,Frequent use of as! can cause runtime crashes.,Use conditional casts or redesign the API.,Convenience|Assumed types|Prototype|Legacy Objective-C|Poor abstraction,Search for as!|Replace with as? where appropriate|Improve typing|Test failures|Review architecture
Code Smell,Ignoring Errors with try?,"Errors disappear silently, making debugging difficult.",Handle important errors explicitly.,Convenience|Prototype|Copied code|Missing logging|API misunderstanding,Review every try?|Add logging|Use do-catch where appropriate|Test failure cases|Document intentional ignores
Code Smell,Empty catch Block,Errors are caught but ignored.,"Handle, log, or intentionally document ignored errors.",Forgot implementation|Prototype|Silent failure|Copy-paste|Placeholder,Search for empty catches|Log errors|Handle expected failures|Document intentional ignores|Retest
Code Smell,Hardcoded Strings,Repeated string literals are difficult to maintain and localize.,Move strings into constants or localization files.,Quick prototype|No localization|Copy-paste|Configuration values|UI text,Search for repeated strings|Extract constants|Use Localizable.strings if appropriate|Review duplicates|Retest
Code Smell,Dead Code,Code can never execute or is no longer used.,Remove it to improve maintainability.,Old feature|Commented-out code|Refactoring leftovers|Merge conflict|Unused helper,Search for references|Delete safely|Run tests|Review version control history|Clean warningsCategory
SwiftUI,Accessing StateObject's object before it is installed on a View,A StateObject was used before SwiftUI created and managed it.,Create the StateObject inside the view that owns it.,Creating StateObject outside View lifecycle|Passing StateObject incorrectly|Using it in init|Refactoring|Ownership confusion,Check where StateObject is declared|Use @ObservedObject for injected objects|Move ownership to parent view if needed|Run previews|Retest lifecycle
SwiftUI,StateObject wrapped value used before being initialized,The StateObject dependency is accessed too early.,Initialize it correctly inside the view lifecycle.,Using property in init|Incorrect initialization order|Custom init|Dependency injection mistake|Refactoring,Review init code|Use _property = StateObject(...) when needed|Avoid early access|Compile|Test
SwiftUI,No ObservableObject of type X found,An EnvironmentObject was requested but not provided.,Inject the object using environmentObject().,Forgot environmentObject|Wrong object type|Incorrect view hierarchy|Preview missing setup|Refactoring,Find the EnvironmentObject declaration|Add environmentObject at parent level|Fix previews|Check object type|Retest
SwiftUI,Publishing changes from within view updates is not allowed,An observable object changed while SwiftUI was rendering.,Move mutations outside the body evaluation.,Changing state in body|Computed property side effects|Synchronous callbacks|Infinite updates|Incorrect binding,Search body for mutations|Move changes to actions|Use onAppear/task|Test updates|Profile rendering
SwiftUI,A View's body should not perform side effects,The body property is being used to do work rather than describe UI.,"Move logic into actions, tasks, or lifecycle callbacks.",Network calls in body|State mutation|Database queries|Heavy computation|Incorrect architecture,Inspect body code|Extract logic|Use task/onAppear|Test refresh behavior|Measure performance
SwiftUI,Ambiguous use of 'toolbar',Multiple toolbar APIs or modifiers match.,Specify the intended toolbar content.,OS version differences|Overloaded modifiers|Missing availability checks|Imports|API migration,Check deployment target|Use explicit syntax|Read documentation|Add availability checks|Compile
SwiftUI,Navigation destination not found,SwiftUI cannot find a matching destination for navigation.,Register the correct navigation destination.,Missing navigationDestination|Wrong type|Type mismatch|NavigationStack misuse|Refactoring,Check destination type|Verify navigation value|Add destination handler|Test navigation|Review hierarchy
SwiftUI,ForEach requires constant range or identifiable data,SwiftUI cannot determine stable identity for list items.,Provide Identifiable data or an explicit ID.,Using plain values|Duplicate identifiers|Missing id parameter|Changing collection|Incorrect model,Add Identifiable conformance|Use id parameter|Ensure uniqueness|Test updates|Review model
SwiftUI,Invalid frame dimension (negative or infinite),A view received an impossible layout size.,Provide valid finite dimensions.,GeometryReader misuse|Division by zero|Dynamic calculations|Missing constraints|Layout bug,Print calculated sizes|Check geometry values|Clamp dimensions|Use layout tools|Retest
SwiftUI,GeometryReader causing unexpected layout,GeometryReader takes available space and changes layout behavior.,Use it only when needed or constrain it.,Nested GeometryReader|Missing frame|Layout misunderstanding|Complex hierarchy|Refactoring,Inspect layout tree|Add explicit frames|Extract views|Preview sizes|Test devices
UIKit,Unable to simultaneously satisfy constraints,Auto Layout found conflicting constraints.,Remove conflicting constraints or lower priority.,Duplicate constraints|Incorrect anchors|Missing priority|Storyboard conflicts|Dynamic layout,Read console constraint log|Identify conflicting constraints|Remove duplicates|Adjust priorities|Test orientations
UIKit,The view hierarchy is not prepared for constraint,A constraint references views incorrectly.,Add views before activating constraints.,Constraint before addSubview|Wrong lifecycle method|Removed view|Storyboard issue|Refactoring,Check view order|Activate after adding views|Inspect hierarchy|Run UI tests|Retest
UIKit,UIView-Encapsulated-Layout-Height conflict,A system-provided size conflicts with your constraints.,Adjust your constraints or sizing logic.,Table cell height|Self-sizing cells|Fixed height constraint|Dynamic content|Storyboard settings,Inspect height constraints|Use estimated sizes|Adjust priorities|Test different content|Review layout
UIKit,Attempt to present X whose view is not in the window hierarchy,A view controller was presented before it was visible.,Present from a visible view controller.,Presenting in init|Wrong lifecycle method|Async timing|Dismissed controller|Navigation issue,Move presentation to viewDidAppear|Check presenting controller|Use navigation controller|Retest|Debug hierarchy
UIKit,Application tried to present modally a view controller that is already presenting,A controller is already showing another modal.,"Wait, dismiss, or present from the correct controller.",Double button taps|Async callbacks|Repeated presentation|State issue|Navigation bug,Check presentedViewController|Disable repeated actions|Serialize presentations|Retest|Review flow
UIKit,Cell reuse identifier mismatch,A table or collection view cannot dequeue the expected cell.,Match the identifier and registration.,Typo|Storyboard mismatch|Forgot register|Wrong class|Refactoring,Check identifier strings|Register cell class|Verify storyboard|Test scrolling|Compile
UIKit,UICollectionView received a cell with an invalid index path,The data source and collection state disagree.,Fix item counts and index paths.,Changing data during updates|Wrong numberOfItems|Async updates|Invalid delete|Race condition,Log index paths|Verify counts|Batch updates correctly|Reload safely|Test edge cases
UIKit,UITableView data source returned invalid number of rows,The table view's data doesn't match its model.,Keep the UI and data source synchronized.,Updating array incorrectly|Async loading|Wrong section counts|Delete bugs|Insert bugs,Compare array.count to rows|Reload after updates|Use batch updates correctly|Test changes|Debug model
Combine,The publisher failed with error,A Combine pipeline received an error event.,Handle the error or provide recovery.,Network failure|Decoding error|Custom publisher failure|Missing catch|Unexpected input,Inspect failure type|Add catch/retry|Log errors|Test failures|Review pipeline
Combine,Publishing changes from background threads,A publisher updated UI-related state off the main thread.,Receive values on the main thread.,URLSession callback|Background scheduler|Missing receive(on:)|Incorrect actor usage|Legacy code,Add receive(on: RunLoop.main)|Check thread usage|Test UI updates|Use Instruments|Retest
Combine,AnyCancellable deallocated immediately,The subscription disappeared because it was not retained.,Store the cancellable.,Forgot Set storage|Local variable only|Object deallocated|Lifecycle issue|Refactoring,Find subscription creation|Store in cancellables set|Check object lifetime|Retest|Inspect memory
Combine,Retain cycle in Combine subscription,The subscription keeps objects alive unexpectedly.,Use weak captures or cancel subscriptions.,sink capturing self|Long-lived publisher|Missing weak self|Timer publisher|Notification publisher,Inspect sink closures|Use [weak self]|Cancel subscriptions|Use Memory Graph|Retest
Concurrency,Task was cancelled,An async operation stopped before completion.,Handle cancellation properly.,User left screen|Timeout|Parent task cancelled|Explicit cancellation|System resource management,Check Task.isCancelled|Clean up resources|Return early|Test cancellation|Document behavior
Concurrency,Task leak,An asynchronous task continues longer than intended.,Cancel tasks or manage their lifetime.,Detached Task misuse|Stored tasks never cancelled|Long operations|Missing ownership|Infinite async loop,Track task ownership|Cancel on deinit/disappear|Avoid unnecessary detached tasks|Profile|Retest
Concurrency,Continuation misuse: leaked continuation,A continuation was created but never resumed.,Ensure every continuation path resumes.,Missing callback path|Early return|Error path forgotten|API wrapper bug|Complex async conversion,Review all code paths|Resume on success and failure|Add assertions|Test failures|Simplify wrapper
Concurrency,Continuation resumed more than once,A continuation was completed multiple times.,Ensure only one resume happens.,Multiple callbacks|Race condition|Duplicate delegate events|Logic bug|Third-party API issue,Guard resume state|Remove duplicate callbacks|Test concurrency|Use actors if needed|Retest
Core Data,NSManagedObjectContext concurrency violation,Core Data objects were used from the wrong queue.,Perform operations on the correct context queue.,Passing objects between threads|Missing perform|Background context misuse|Async mistakes|Architecture issue,Use perform/performAndWait|Pass object IDs between contexts|Enable Core Data debugging|Test threading|Review ownership
Core Data,Could not merge changes,Two contexts had conflicting changes.,Resolve merge policy or update strategy.,Concurrent edits|Background saves|Conflicting updates|Missing merge policy|Data race,Inspect merge errors|Set merge policy|Refresh objects|Test concurrent saves|Review data flow
Core Data,Model version is incompatible,The database schema doesn't match the app model.,Add migrations or update the store.,Changed entity|Missing migration|Deleted attribute|Model version mismatch|Deployment update,Create model version|Enable migration|Test upgrades|Inspect persistent store|Release carefully
Persistence,UserDefaults value has wrong type,Stored data doesn't match what code expects.,Use the correct key and type.,Changed key|Old app version|Type mismatch|Manual edits|Migration issue,Inspect stored value|Clear defaults during testing|Add migration logic|Validate types|Retest
Persistence,File does not exist,The app attempted to access a missing file.,Check path and create the file if needed.,Wrong path|Deleted file|Sandbox issue|First launch|Migration problem,Print file URL|Check existence|Create directories|Handle missing files|Test clean install
Persistence,Permission denied accessing resource,The app lacks permission to access something.,Request permission or use an allowed location.,Privacy settings|Sandbox restrictions|Missing entitlement|Wrong directory|Security rules,Check entitlements|Review permissions|Use app directories|Test on device|Inspect logs
Testing,XCTest expectation timed out,An asynchronous test never completed.,Fulfill expectations or increase timeout appropriately.,Missing callback|Async code bug|Too-short timeout|Race condition|Test setup issue,Verify expectation fulfillment|Add logs|Check async flow|Adjust timeout|Run repeatedly
Testing,Test failed because XCTAssert failed,An assertion in a test did not match expected behavior.,Fix code or update incorrect expectations.,Bug|Changed behavior|Wrong test data|Timing issue|Environment difference,Read assertion message|Debug inputs|Verify expected values|Fix implementation or test|Rerun
Testing,Async test finished before task completed,The test returned before async work ended.,Await the operation or use expectations.,Forgot await|Missing expectation|Detached task|Incorrect async handling|Race condition,Convert test to async|Await tasks|Use expectations correctly|Retest|Check timingCategory
Swift 6 Migration,Main actor-isolated property cannot be mutated from a Sendable closure,Code running in a concurrency-safe closure is trying to modify UI/main-thread state incorrectly.,Move the mutation onto the MainActor or redesign the data flow.,Swift 6 strict concurrency|Updating UI from background task|Missing MainActor annotation|Legacy async code|Incorrect closure isolation,Identify the isolated property|Use await MainActor.run if needed|Annotate types correctly|Review concurrency model|Run strict concurrency checks
Swift 6 Migration,Capture of non-Sendable type in a @Sendable closure,A value that cannot safely cross concurrency boundaries was captured.,"Make the type Sendable, isolate it, or avoid crossing the boundary.",Reference types without Sendable|Mutable classes|Shared state|Legacy frameworks|Incorrect Task usage,Find captured values|Add Sendable where safe|Use actors|Avoid shared mutation|Run concurrency checks
Swift 6 Migration,Type 'X' does not conform to Sendable,The compiler cannot guarantee the type is safe across tasks.,"Make the type immutable, actor-isolated, or explicitly Sendable if safe.",Mutable stored properties|Reference types|Third-party classes|Global state|Concurrency migration,Inspect stored properties|Prefer structs with immutable data|Use actors for shared state|Add conformance carefully|Test concurrent access
Swift 6 Migration,Sending 'X' risks causing data races,A value may be accessed simultaneously by multiple tasks.,"Protect the data using actors, synchronization, or value semantics.",Shared mutable state|Task.detached|Non-Sendable objects|Global variables|Legacy callbacks,Locate the send boundary|Identify mutation points|Use actors|Remove shared state|Run Thread Sanitizer
Swift 6 Migration,Reference to captured var in concurrently-executing code,A mutable variable is captured by concurrent code.,Use immutable values or synchronize access.,Task closures|Mutable local variables|Async callbacks|Loops with captured variables|Migration changes,Replace var with let where possible|Create local constants|Use actors for shared state|Retest|Review warnings
Swift 6 Migration,Nonisolated initializer cannot access isolated property,An initializer is running outside the actor that owns the property.,Adjust isolation or initialization design.,Actor classes|MainActor classes|Custom initializers|Dependency injection|Migration,Review actor annotations|Move initialization into actor context|Use async initialization if needed|Compile|Test
API Design,Too many function parameters,The API is difficult to understand and use.,Group related values into a type or configuration object.,Growing feature requirements|Poor abstraction|Repeated arguments|Legacy API|Quick fixes,Count parameters|Create configuration structs|Improve naming|Add tests|Refactor callers
API Design,Boolean parameter makes API unclear,A true/false argument hides meaning at call sites.,Replace with an enum or clearer API.,Multiple flags|Quick design|Poor naming|Legacy code|Convenience methods,Find boolean parameters|Create descriptive enum cases|Improve call readability|Update tests|Review API
API Design,Primitive obsession,Simple values are used where stronger types would help.,Create domain-specific types.,Many Strings/Ints|Validation scattered|Large models|Poor encapsulation|Legacy design,Identify repeated concepts|Create structs/enums|Move validation into types|Update APIs|Test
API Design,Excessive optional properties,Objects allow too many invalid states.,Use stronger models or initialization requirements.,Partial objects|Loose validation|Legacy JSON models|Convenience|Unclear ownership,Identify required fields|Make invalid states impossible|Use builders if needed|Add validation|Refactor
Security,Sensitive data stored insecurely,Private information is stored in a location without adequate protection.,Use appropriate secure storage mechanisms.,Passwords in UserDefaults|Plain text files|Logging secrets|Hardcoded keys|Poor access control,Search for secrets|Remove sensitive logs|Use secure storage APIs|Rotate exposed keys|Review security
Security,Hardcoded credentials,Secret values are included directly in source code.,Move secrets to secure configuration.,API keys in code|Testing shortcuts|Copy-paste|Poor deployment setup|Prototype code,Search repository|Remove credentials|Rotate exposed keys|Use environment configuration|Review access
Security,Insecure random number generation,A non-secure random source is used for security-sensitive purposes.,Use cryptographically secure randomness.,Using random() for tokens|Session IDs|Security codes|Authentication logic|Prototype code,Identify security uses|Replace random source|Review requirements|Test behavior|Audit code
Security,Sensitive information logged,Private data is printed to logs.,Remove or redact sensitive information.,Debug statements|Network logging|Crash reports|Verbose logging|Copy-paste,Search logs|Redact values|Reduce production logging|Review crash reports|Retest
Accessibility,Missing accessibility label,A UI element lacks information for assistive technologies.,Add accessibility labels and hints.,Custom controls|Images without labels|Buttons with icons only|SwiftUI views|UIKit views,Audit UI|Add labels|Test VoiceOver|Review accessibility settings|Retest
Accessibility,Insufficient color contrast,Text or controls may be difficult to see.,Adjust colors to improve contrast.,Custom themes|Design mismatch|Hardcoded colors|Dark mode issues|Brand colors,Use accessibility inspector|Check contrast|Adjust colors|Test modes|Review design
Localization,Hardcoded user-facing string,Text cannot easily be translated.,Move strings into localization resources.,UI text in code|Alerts|Buttons|Messages|Prototype code,Search string literals|Create localization keys|Add translations|Test languages|Review UI
Localization,String interpolation prevents translation,Constructed strings may not translate correctly.,Use localized formatting resources.,Concatenating strings|Dynamic messages|Pluralization issues|Date formatting|Currency formatting,Move strings to localization|Use localized formatters|Test languages|Review grammar|Retest
Localization,Incorrect pluralization,Text doesn't handle singular/plural forms correctly.,Use localized plural rules.,Manual plural logic|English assumptions|Hardcoded messages|Global app|Copied text,Use String Catalog pluralization|Test multiple counts|Review translations|Remove assumptions|Retest
Database,Database query performed on main thread,A database operation may freeze the UI.,Move database work off the main thread.,Large queries|Core Data misuse|Synchronous APIs|Missing async design|Poor architecture,Profile UI stalls|Move work to background|Optimize queries|Cache results|Retest
Database,N+1 query problem,Many small database queries replace one efficient query.,Batch or optimize data fetching.,Loading relationships repeatedly|Poor ORM usage|Nested loops|Missing prefetching|Large datasets,Measure query count|Use batching|Prefetch relationships|Optimize fetches|Profile
Database,Loading too much data into memory,The app loads more data than necessary.,"Paginate, stream, or fetch selectively.",Large datasets|No limits|Poor caching|Images loaded eagerly|Database misuse,Measure memory|Add pagination|Lazy load data|Profile allocations|Retest
Networking,Ignoring HTTP status codes,The app assumes every response succeeded.,Validate response codes before processing data.,Only checking errors|API assumptions|Incomplete networking layer|Prototype code|Copy-paste,Inspect status codes|Handle failures|Add retry rules|Test bad responses|Document behavior
Networking,No request cancellation,Network tasks continue after they are no longer needed.,Cancel requests when appropriate.,Leaving screens|Search autocomplete|Long downloads|Missing task ownership|Poor lifecycle handling,Track tasks|Cancel on disappear|Use URLSession cancellation|Test navigation|Profile
Networking,Retry storm,The app repeatedly retries failing requests too aggressively.,Use controlled retry policies.,No backoff|Server outage|Infinite retries|Network instability|Poor error handling,Add exponential backoff|Limit retries|Respect server responses|Log failures|Test outages
Performance,Unnecessary object allocation in loops,Objects are repeatedly created when reuse is possible.,Move creation outside loops or cache objects.,Formatters|Images|Temporary arrays|Expensive constructors|Copy-paste,Profile allocations|Move initialization|Reuse objects|Benchmark|Retest
Performance,Blocking the main thread with synchronous work,The UI freezes because work happens during rendering.,Move expensive work away from the main thread.,Large computation|File loading|Network wait|Database calls|Image processing,Use Instruments|Find blocking calls|Move work async|Measure frame rate|Retest
Performance,Excessive logging in production,Logging creates unnecessary overhead and may expose data.,Reduce or control production logs.,Debug statements|Verbose networking logs|Large payload logging|Prototype code|Forgot cleanup,Review logs|Remove sensitive data|Use log levels|Measure impact|Retest
Performance,Memory spikes during image processing,Large images consume excessive memory.,"Resize, downsample, or stream images.",Loading originals|Multiple copies|No caching|High resolution assets|Poor lifecycle handling,Profile memory|Downsample images|Release unused objects|Use caching carefully|Retest
Architecture,Singleton overuse,Too many global shared objects make code hard to test and maintain.,Use dependency injection or smaller scoped objects.,Convenience|Quick prototypes|Global state|Legacy design|Shared managers,Identify singletons|Replace with injected dependencies|Add protocols|Write tests|Refactor gradually
Architecture,Tight coupling,Components depend heavily on concrete implementations.,Introduce abstractions and dependency boundaries.,Direct references|Large classes|No protocols|Shared state|Legacy code,Identify dependencies|Create interfaces|Inject dependencies|Write tests|Refactor
Architecture,Missing separation of concerns,One component handles unrelated responsibilities.,Split responsibilities into focused components.,Large controllers|Mixed UI/business logic|Database in views|Networking in models|Rapid development,Identify responsibilities|Extract layers|Improve naming|Add tests|Refactor incrementally
Architecture,Circular dependency between modules,Two modules require each other and cannot evolve independently.,Redesign module boundaries.,Poor layering|Shared utilities|Cross-imports|Large feature modules|Refactoring,Map dependencies|Extract shared interfaces|Move common code|Remove cycles|Rebuild
Testing,Flaky test,A test sometimes passes and sometimes fails.,Remove timing assumptions and external dependencies.,Race conditions|Network use|Shared state|Random data|Timing issues,Run repeatedly|Identify nondeterminism|Mock dependencies|Control timing|Fix isolation
Testing,Test depends on execution order,Tests only pass because another test ran first.,Make each test independent.,Shared state|Global variables|Persistent data|Poor cleanup|Singletons,Reset state|Improve setup/teardown|Remove dependencies|Run randomized order|Retest
Testing,Insufficient test coverage,Important code paths are not tested.,Add tests for missing behavior.,New features|Complex logic|No test strategy|Legacy code|Time pressure,Identify risky code|Add unit tests|Test edge cases|Measure coverage|Maintain tests
Documentation,Missing documentation comment,Public code lacks explanation.,Add clear documentation.,Public APIs|Library code|Team standards|Complex behavior|New features,Identify public APIs|Write usage examples|Explain parameters|Update docs|Review
Documentation,Outdated documentation,Documentation no longer matches behavior.,Update docs with current implementation.,API changes|Refactoring|Old examples|Feature changes|No review process,Compare docs and code|Update examples|Remove outdated notes|Review with users|Publish updates
Imports,No such module 'Swfit',The imported framework or module name does not exist.,Correct the import name or add the missing dependency.,Typo in import|Framework not installed|Wrong package name|Removed dependency|Wrong target,Check spelling|Verify available modules|Add dependency if needed|Check target settings|Rebuild
Imports,No such module 'Foundatione',The compiler cannot find the requested module.,Fix the module name or add the required framework.,Typo|Wrong framework name|Missing dependency|Incorrect SDK|Old code,Check import spelling|Search framework names|Verify SDK availability|Rebuild|Clean project
Syntax,Expected expression after operator,An operator exists without a value to operate on.,Complete the expression or remove the operator.,Missing operand|Incomplete statement|Deleted code|Typing mistake|Merge conflict,Inspect the line before the error|Complete the expression|Remove unused operators|Check recent changes|Rebuild
Syntax,Expected declaration after class name,A class declaration is incomplete.,Add braces and class contents.,Missing class body|Missing inheritance syntax|Deleted code|Brace mismatch|Parser confusion,Add class braces|Check class syntax|Fix earlier parser errors|Format code|Compile
Syntax,Expected '{' in class declaration,A class or struct declaration was not opened correctly.,Add the missing opening brace.,Forgot brace|Malformed declaration|Copy error|Parser confusion|Incomplete code,Match braces|Check declaration line|Use formatter|Fix earlier syntax errors|Compile
Syntax,Extraneous '}' at top level,A closing brace exists without a matching opening brace.,Remove the extra brace or restore the missing block.,Deleted opening brace|Bad merge|Copy-paste|Formatting issue|Nested block error,Match braces|Inspect surrounding code|Use editor highlighting|Fix from first syntax error|Compile
Syntax,Multiple statements on a line must be separated by ';',Swift found multiple statements where the syntax is unclear.,Separate statements properly or put them on separate lines.,Missing newline|Missing operator|Malformed code|Copy-paste|Parser confusion,Split statements|Format code|Check punctuation|Fix earlier errors|Compile
Classes & Structs,Superclass 'X' has no accessible initializer,The subclass cannot call the superclass initializer.,Add or use an accessible superclass initializer.,Superclass initializer missing|Access control|Wrong superclass|Framework class restriction|Inheritance mistake,Inspect superclass init methods|Check access levels|Create required initializer|Use correct superclass|Rebuild
Classes & Structs,Cannot use 'super' outside class inheritance,super was used where there is no superclass.,Remove super usage or inherit correctly.,Struct using super|Class missing inheritance|Copy-paste|Wrong design|Syntax mistake,Check type declaration|Remove super calls|Add inheritance if intended|Compile|Retest
Classes & Structs,Class 'X' has no initializers,A class has stored properties but Swift cannot create it.,Provide an initializer or default values.,Missing init|Properties without defaults|Incomplete class|Refactoring|Required properties,List stored properties|Add init|Add defaults|Compile|Test creation
Classes & Structs,Struct cannot inherit from class,Structs cannot subclass classes.,Use a class or remove inheritance.,Wrong type choice|Java/C# assumptions|Copy-paste|Design mistake|Refactoring,Decide value vs reference semantics|Convert to class if needed|Remove inheritance|Retest|Compile
Protocols,Protocol requires nested type 'X',A protocol requires an associated type or nested declaration.,Provide the required type.,Missing associated type|Incorrect conformance|Generic confusion|Protocol misuse|API mismatch,Read protocol requirements|Add typealias if needed|Implement requirement|Compile|Test
Protocols,Protocol requirement initializer 'init' cannot be satisfied,A required initializer is missing or incorrectly declared.,Implement the required initializer.,Missing required init|Wrong access level|Wrong signature|Class inheritance|Protocol conformance,Compare initializer signatures|Add required init|Fix visibility|Compile|Test
Enums,Enum with raw type cannot have associated values,The enum mixes incompatible declaration styles.,Remove the raw value or associated values.,Incorrect enum design|Copied code|Misunderstood syntax|Refactoring|API mismatch,Inspect enum cases|Choose raw values or associated values|Redesign enum|Compile|Test
Enums,Raw value for enum case must be literal,Enum raw values must be compile-time values.,Replace with a literal value.,Variable raw value|Function call|Expression|Dynamic data|Syntax mistake,Use literal values|Move logic elsewhere|Compile|Review enum design
Collections,Cannot convert value of type '[X]' to expected argument type '[Y]',The collection contains the wrong element type.,Convert the elements or change the expected type.,Mixed array types|Wrong generic|API mismatch|Inference issue|Refactoring,Inspect element types|Map values if needed|Check function signature|Compile|Test
Collections,Missing argument label 'contentsOf:' in call,The collection initializer requires a parameter label.,Add the required label.,Wrong initializer|API misunderstanding|Old Swift syntax|Autocomplete issue|Copy-paste,Check initializer signature|Use autocomplete|Add label|Compile|Retest
Operators,Cannot assign value of type 'X' to type 'Bool',A condition or comparison received a non-Boolean value.,Use a Boolean expression.,Assignment used as comparison|Wrong return type|Type confusion|API mismatch|Typo,Inspect condition|Use comparison operators|Check return types|Compile|Test
Operators,Operator is not a known binary operator,Swift does not recognize the operator being used.,Use a valid operator or define one.,Typo|Custom operator missing|Wrong language syntax|Copy-paste|Unicode issue,Check operator spelling|Search definitions|Replace with standard operator|Compile|Test
Casting,'as!' cast failed,A forced type conversion failed at runtime.,Use the correct type or conditional casting.,Wrong object type|Storyboard mismatch|Bad assumption|Inheritance mistake|API change,Inspect actual type|Replace as! with as?|Validate input|Test failures|Fix model
Classes & Structs,Value of type 'X' has no member 'Y',You tried to access a property or method that doesn't exist.,Use the correct member or add it.,Typo|Wrong type|Missing extension|API update|Wrong import,Check autocomplete|Inspect type definition|Search project|Fix spelling|Compile
Classes & Structs,Extraneous argument label in call,The function was called with a label it does not accept.,Remove the incorrect label.,API mismatch|Old Swift syntax|Wrong overload|Copy-paste|Autocomplete mistake,Inspect declaration|Fix call syntax|Use autocomplete|Compile|Test
SwiftUI,Cannot convert value of type '()' to expected argument type 'some View',A SwiftUI View builder received no UI element.,Return a View instead of performing an action.,print inside View body|Missing return|Wrong closure|Conditional branch|Debug code,Find the empty branch|Replace actions with views|Move prints outside body|Compile|Preview
SwiftUI,The compiler is unable to type-check this expression in reasonable time,A SwiftUI expression is too complex for the type checker.,Break the view into smaller pieces.,Huge body|Nested modifiers|Complex generics|Many conditionals|Large ViewBuilder,Extract subviews|Add explicit types|Simplify modifiers|Build incrementally|Profile compile time
Build,Signing certificate has expired,The app cannot be signed because credentials are no longer valid.,Renew certificates or refresh signing.,Expired certificate|Old machine|Team changes|Manual signing|Provisioning issue,Open Signing settings|Refresh accounts|Renew certificate|Update profiles|Rebuild
Objective-C,Property 'X' requires method 'Y' to be defined,Objective-C runtime expects an accessor that doesn't exist.,Implement the required getter/setter.,Missing @objc property|Incorrect declaration|KVC usage|Framework requirement|Runtime issue,Check Objective-C exposure|Implement accessor|Review annotations|Compile|Test
